股票代码,股票简称,现价(元),涨跌幅(%),区间收盘价:前复权(元)2020.01.02-2020.12.09,加权净资产收益率(%)2020.09.30,区间开盘价:前复权(元)2020.01.02-2020.12.09,区间最高价:前复权(元)2020.01.02-2020.12.09,区间最低价:前复权(元)2020.01.02-2020.12.09,所属同花顺行业,预测净资产收益率(%)2022.12.31,预测净资产收益率(%)2021.12.31,预测净资产收益率(%)2020.12.31,净利润(元)2020.09.30,净资产(元)2020.09.30
600519.SH,贵州茅台,1853.11,0.168,1853.11,23.2,1110.975,1875,943.075,食品饮料-饮料制造-白酒,28.0456,28.7843,29.1507,33827103961.22,154171658125.39
688169.SH,石头科技,934.46,1.422,934.46,15.63,--,950,313.11,家用电器-白色家电-小家电,23.81,26.1106,30.6365,899343305,6618619250
300896.SZ,爱美客,571.58,-3.996,571.99,32.11,--,664,311,医药生物-医疗器械服务-医疗器械Ⅲ,24.7233,24.2967,23.8886,290434298.49,4383523594.85
300751.SZ,迈为股份,559.00,5.671,559.00,18.7,140.7,568.28,137.67,机械设备-电气设备-电源设备,24.776,23.732,21.6196,274373237.3,1577760179.11
300782.SZ,卓胜微,554.50,1.832,554.80,35.64,228.83333333,579.6,204.27222222,电子-半导体及元件-集成电路,31.5039,34.0139,36.6283,717510248.17,2304332541.19
300841.SZ,康华生物,462.90,-1.705,462.90,32.01,--,996,84.44,医药生物-生物制品-生物制品Ⅲ,30.5367,33.1033,35,343664826.66,1907837075.43
603444.SH,吉比特,405.00,-1.204,405.36,24.17,296.68,671.6,291.11,信息服务-传媒-其他传媒,26.9375,29.1945,29.725,794687099.42,3906226446.22
688536.SH,思瑞浦,399.27,-2.852,399.27,52.41,--,416,202,电子-半导体及元件-集成电路,24.0088,23.7638,27.415,162812079.7,2548056198.29
000661.SZ,长春高新,383.11,-1.258,383.12,24.53,226,513.5,216.75,医药生物-生物制品-生物制品Ⅲ,28.4938,29.3476,29.9648,2260128595.35,11258119506.17
300760.SZ,迈瑞医疗,345.00,-1.958,345.01,26.53,180.5,409.29,174.55,医药生物-医疗器械服务-医疗器械Ⅲ,25.6838,26.2204,27.3452,5363155897,22061066954
688095.SH,福昕软件,299.24,-2.324,299.24,24.87,--,373,265,信息服务-计算机应用-软件开发及服务,23.497,23.044,21.874,92603510.46,3010580459.9
300661.SZ,圣邦股份,282.87,-3.067,282.86,17.03,166.24,405,151.06666667,电子-半导体及元件-集成电路,25,23.7913,20.862,207037641.27,1366649215.38
002821.SZ,凯莱英,272.82,-0.431,272.82,15.41,129.16,295,123.66,医药生物-化学制药-化学原料药,21.0195,19.6586,18.2576,506224905.17,5779429294.99
600809.SH,山西汾酒,271.80,2.584,271.95,28.91,88.01,282.36,74.6,食品饮料-饮料制造-白酒,27.9076,28.4471,28.11,2461217522.76,9336730813.63
000858.SZ,五粮液,271.12,-0.346,271.06,18.48,129.8,279,96.43,食品饮料-饮料制造-白酒,24.2669,24.3411,23.8467,14545454674.88,82071796368.28
600436.SH,片仔癀,240.00,5.290,240.03,18.56,109.17,293.98,106.93,医药生物-中药-中药Ⅲ,22.0081,21.8247,21.1829,1328943439.48,7922853451.25
600763.SH,通策医疗,233.49,0.017,233.49,19.95,103.03,244.84,90.9,医药生物-医疗器械服务-医疗服务Ⅲ,23.7824,23.7806,23.07,395759682.84,2381470225.11
000596.SZ,古井贡酒,227.88,-0.480,227.91,16.25,129.8,277.58,97.51,食品饮料-饮料制造-白酒,21.7631,21.468,20.353,1537681004.06,10133527910.17
603501.SH,韦尔股份,220.10,0.459,219.00,16.93,143.33,252.73,131.94,电子-半导体及元件-集成电路,24.5841,25.1486,23.2336,1726573374.87,10375405097.91
688301.SH,奕瑞科技,204.99,-1.071,204.99,28.49,--,223.85,144.02,机械设备-专用设备-其它专用机械,29.0833,29.96,31.3433,155732926.99,2565959504.66
601888.SH,中国中免,203.70,-2.091,203.68,15.77,88.29,249,65.78,餐饮旅游-景点及旅游-旅游综合Ⅲ,29.6662,30.7227,21.7112,3164144459.02,22476436207.05
605168.SH,三人行,202.75,-1.511,202.75,20.67,--,305.5,71.24,信息服务-传媒-营销服务,29.7667,29.82,30.6567,182667948.92,1443731306.05
605111.SH,新洁能,199.52,-3.290,199.61,16.23,--,218,28.67,电子-半导体及元件-分立器件,21.3614,19.3457,17.1143,100947574.12,1121554717.51
002304.SZ,洋河股份,196.49,-0.350,196.50,19.08,106.99,200.02,77.34,食品饮料-饮料制造-白酒,19.7644,19.3827,18.7567,7185703291.18,38171275923.08
603195.SH,公牛集团,193.14,-0.801,193.14,18.91,--,211,67.54,机械设备-电气设备-输变电设备,29.5307,30.8447,31.7607,1598945583.76,8379823944.74
000568.SZ,泸州老窖,191.12,-0.313,191.25,23.17,84.41,200.79,63.29,食品饮料-饮料制造-白酒,25.7697,25.9694,25.4069,4815378966.56,22007914311.24
300866.SZ,安克创新,190.12,2.276,190.12,19.25,--,199.9,114,电子-电子制造-电子零部件制造,25.3376,25.6689,25.5267,532781060.16,5120395041.21
603392.SH,万泰生物,188.76,3.487,188.76,26.04,--,296.8,12.6,医药生物-医疗器械服务-医疗器械Ⅲ,30.78,30.42,25.84,466704007.75,2369129831.23
605009.SH,豪悦护理,185.46,-1.398,185.47,55.65,--,217,74.71,轻工制造-造纸-造纸Ⅲ,25.5646,27.8554,36.7177,492396339.45,2681223590.34
603288.SH,海天味业,185.22,0.937,185.22,26.74,88.89166667,203,75.91666667,食品饮料-食品加工制造-调味发酵品,30.0859,30.951,31.851,4571403806.15,18334197491.44
688390.SH,固德威,179.56,4.292,179.56,37.99,--,207.38,104,机械设备-电气设备-电源设备,32.3,33.3667,32.5333,196763731.19,1392642752.06
688399.SH,硕世生物,178.21,-1.958,178.24,47.54,54.84,475.26,54.1,医药生物-医疗器械服务-医疗器械Ⅲ,--,--,--,581793307.96,1426722776.83
605266.SH,健之佳,161.80,-4.289,161.80,25.27,--,171.5,87.47,医药生物-医药商业-医药商业Ⅲ,--,--,--,171090017.69,747482066.81
603160.SH,汇顶科技,159.97,-1.411,159.97,16.04,208.3,387.2,155.78,电子-半导体及元件-集成电路,21.6633,20.9,20.974,1100082610.16,7442544716.37
688298.SH,东方生物,158.01,4.248,158.06,62.55,--,284.2,59.79,医药生物-医疗器械服务-医疗器械Ⅲ,50.755,61.045,90.98,664456764.88,1443745527.69
300860.SZ,锋尚文化,153.12,-1.512,153.12,20.73,--,242,126.01,信息服务-传媒-其他传媒,18.775,18.225,16.875,203902113.27,3105624213.79
300832.SZ,新产业,152.02,-1.662,152.03,17.33,--,204.08,36.17,医药生物-医疗器械服务-医疗器械Ⅲ,22.606,21.413,21.35,698365587.42,4495421312.87
603129.SH,春风动力,150.25,-2.416,150.24,25.05,42.35,180,29.49,交运设备-非汽车交运-其他交运设备,29.555,28.7,26.2517,296610347.97,1342792175.56
603658.SH,安图生物,149.25,-2.291,149.25,16.96,96.72,180.99,91.7,医药生物-医疗器械服务-医疗器械Ⅲ,29.7405,29.8427,26.5277,514301217.36,3291191861.25
688408.SH,中信博,146.58,3.663,146.58,15.43,--,159.8,75,机械设备-电气设备-电源设备,29.2675,26.2075,22.9425,173097697.99,2370364694.94
603737.SH,三棵树,145.59,2.254,145.60,17.73,58.21428571,177,51.44285714,化工-化学制品-涂料油漆油墨制造,30.0667,30.4575,26.8325,324906494.33,2501582497.42
300888.SZ,稳健医疗,145.49,-4.264,145.49,67.3,--,181.77,103.7,纺织服装-纺织制造-其他纺织,19.8538,20.72,48.4135,3150098280.6,9786083112.75
300033.SZ,同花顺,140.30,-1.385,140.25,19.02,112.26,187.99,90.15,信息服务-计算机应用-软件开发及服务,26.8653,27.4575,26.1085,772099972.12,4293788628.7
300677.SZ,英科医疗,138.60,-1.766,138.51,109.9,10.76,144.6,10.56666667,医药生物-医疗器械服务-医疗器械Ⅲ,28.5325,52.655,80.065,4372579432.27,6073210319.65
300122.SZ,智飞生物,137.97,-1.083,137.87,35.93,48.7,193.71,48.16,医药生物-生物制品-生物制品Ⅲ,34.27,37.6544,39.796,2478595732.37,7425933361.49
002791.SZ,坚朗五金,137.34,1.144,137.03,15.02,30.37,171.64,30.37,建筑材料-建筑材料-其他建材,23.4575,23.0589,20.4878,501774201.12,3756435399.27
688036.SH,传音控股,136.87,-4.206,136.87,21.69,44.76,155.58,40.83,电子-电子制造-电子系统组装,25.091,25.544,25.731,1953954336.96,9761196986.72
300869.SZ,康泰医学,135.31,-2.836,135.31,58.39,--,308,50.08,医药生物-医疗器械服务-医疗器械Ⅲ,--,--,--,514943653.16,1471494186.16
300347.SZ,泰格医药,134.43,-0.753,134.43,18.63,63.472,137.8,60.902,医药生物-医疗器械服务-医疗服务Ⅲ,19.8094,19.7741,21.6741,1318020419.28,17526206212.96
300916.SZ,朗特智能,130.70,1.657,130.70,21.51,--,186,124.16,电子-电子制造-电子零部件制造,--,--,--,60631138.93,275441998.33
300676.SZ,华大基因,128.99,-2.162,128.98,48.52,68.49899,199.4,65.45899,医药生物-医疗器械服务-医疗器械Ⅲ,15.105,20.9933,47.2267,2705299035.09,6868303677.71
300724.SZ,捷佳伟创,128.30,2.821,128.30,16.23,37.9,133.29,37.32,机械设备-电气设备-电源设备,22.2581,21.4059,18.8393,450558082.97,2957106739.58
300776.SZ,帝尔激光,124.51,-0.152,124.89,16.31,92.78125,144.88,68.80625,机械设备-电气设备-电源设备,24.05,22.3,20.2,256958870.06,1681299145.46
300850.SZ,新强联,123.30,-5.154,123.30,29.61,--,135.8,23.59,机械设备-通用设备-机械基础件,27,30,32,258823335.02,1347529002.87
300763.SZ,锦浪科技,122.69,4.825,122.96,21.79,23.47058824,141.46,23.11764706,机械设备-电气设备-电源设备,30.075,30.1417,25.245,210190505.25,956429374.49
688598.SH,金博股份,121.32,-1.515,121.53,16.06,--,125.98,76.47,有色金属-新材料-非金属新材料,27.5667,27.15,23.4667,114273999.06,1229542203.07
002847.SZ,盐津铺子,121.49,-0.320,121.49,22.3,36,161.88,34.9,食品饮料-食品加工制造-食品综合,28.0667,26.9092,23.9333,188511724.91,952608631.9
300725.SZ,药石科技,121.39,-1.148,121.39,17.4,68.18,149.62,63.21,医药生物-化学制药-化学原料药,24.9807,23.3443,20.7586,142339554.67,900650242.77
600132.SH,重庆啤酒,120.43,2.965,120.50,34.21,50.87,120.7,39.43,食品饮料-饮料制造-啤酒,41.8369,41.26,39.5376,460916305.19,1392358583.31
600486.SH,扬农化工,120.48,-0.224,120.48,18.97,68.14,123.66,57.42,化工-化学制品-农药,20.0754,20.823,20.8919,1023164649.48,5774715310.1
002049.SZ,紫光国微,113.10,1.617,113.10,15.2,51.382,160.8,46.032,电子-半导体及元件-集成电路,21.775,20.2172,17.51,684561290.94,4834556668.56
002975.SZ,博杰股份,112.13,-0.515,112.13,26.91,--,126.21,20.4,机械设备-专用设备-其它专用机械,38.695,30.6,21.47,306741641.59,1328385030.04
002959.SZ,小熊电器,110.31,1.100,110.32,18.03,52.53846154,165.9,39.4,家用电器-白色家电-小家电,23.587,23.7463,24.7875,321881759.51,1866583887.47
002841.SZ,视源股份,109.31,-1.372,109.31,25.18,85.05,113.44,71.62,电子-光学光电子-显示器件Ⅲ,22.6657,24.905,26.4663,1404365803.57,6860902392.5
300915.SZ,海融科技,108.80,-1.072,108.88,16.5,--,172,106.61,食品饮料-食品加工制造-食品综合,--,--,--,48295962.39,315966712.77
300864.SZ,南大环境,107.06,-0.585,107.06,30.04,--,209.77,102.55,公用事业-环保工程-环保工程及服务,--,--,--,92550143.06,1054050752.54
002916.SZ,深南电路,106.66,-1.250,106.65,19.74,102.10714286,198,99.99,电子-半导体及元件-印制电路板,25.0011,25.3761,25.2511,1098093385.73,7083800033.37
603338.SH,浙江鼎力,104.00,0.106,104.07,17.64,51.17857143,113.55,38.67857143,机械设备-专用设备-其它专用机械,24.2022,24.6688,23.015,620309233.12,3703985111.09
603185.SH,上机数控,103.97,-5.591,103.85,17.85,19.23076923,117,19.11538462,机械设备-电气设备-电源设备,32.0933,32.3433,23.9833,342517471.94,2178520865.87
688356.SH,键凯科技,102.73,-4.080,102.73,18.07,--,150.6,76.16,医药生物-化学制药-化学原料药,12.63,11.03,11.945,56129850.29,830025591.64
603208.SH,江山欧派,101.42,-2.411,101.60,21.67,38.76153846,158,38.76153846,轻工制造-家用轻工-家具,26.02,25.869,24.213,312352126.27,1680427803.38
688289.SH,圣湘生物,101.46,1.177,101.46,112.46,--,154.8,94.25,医药生物-医疗器械服务-医疗器械Ⅲ,24.94,41.04,84.49,2012815337.7,4439548392.27
300702.SZ,天宇股份,100.28,-0.219,100.28,25.2,49.86,129.64,49.15,医药生物-化学制药-化学原料药,24.7717,26.64,28.55,577922756.5,2554122122.01
300908.SZ,仲景食品,100.03,-2.162,99.99,21.67,--,127.25,96.6,食品饮料-食品加工制造-调味发酵品,24.315,23.94,22.86,105834470.31,528924828.98
300852.SZ,四会富仕,99.18,-2.583,99.18,16.51,--,135.98,39.67,电子-半导体及元件-印制电路板,--,--,--,88605538.23,846382626.51
603613.SH,国联股份,99.05,0.569,99.05,15.3,53.03793103,107.77,43.7137931,信息服务-计算机应用-软件开发及服务,22.5945,19.05,16.6127,178792006.12,1336810917.16
603882.SH,金域医学,99.05,0.051,99.05,37.8,51.314,118.33,46.524,医药生物-医疗器械服务-医疗服务Ⅲ,22.2922,24.0228,37.5,1054925022.02,3374907794.39
300875.SZ,捷强装备,99.02,-1.237,99.02,19.62,--,174.71,93.52,国防军工-国防军工-地面兵装,--,--,--,73230405.14,1337250061.92
688580.SH,伟思医疗,99.00,-2.328,99.00,17.1,--,237,98.12,医药生物-医疗器械服务-医疗器械Ⅲ,21.818,20.566,19.62,85609917.67,1353087087.89
688002.SH,睿创微纳,98.80,1.655,98.88,18.1,38.204,103.13,36.644,电子-其他电子-其他电子Ⅲ,21.9888,20.0763,18.3813,464775049.96,2787117123.92
002991.SZ,甘源食品,98.29,-2.799,98.29,16.74,--,157.69,45.44,食品饮料-食品加工制造-食品综合,19.9757,18.5429,17.9329,124095580.31,1365752311.64
300558.SZ,贝达药业,97.13,-0.787,97.13,18.91,65.82,160.66,61.31,医药生物-化学制药-化学制剂,15.5571,13.5914,16.0529,513827655.16,2995055784.05
601100.SH,恒立液压,96.50,-0.269,96.53,24.31,33.21621622,100.5,28.83783784,机械设备-通用设备-机械基础件,25.3321,27.2379,27.8986,1472094928.13,6567235341.32
300816.SZ,艾可蓝,93.70,-3.282,93.70,17.21,--,125.88,24.08,机械设备-专用设备-环保设备,34.964,30.502,29.288,88802889.86,732443480.76
603416.SH,信捷电气,91.73,2.868,91.82,18.75,27.86,109.52,25.66,机械设备-电气设备-电气自控设备,21.4418,21.4317,21.1833,246437250.25,1427129725.47
003021.SZ,兆威机电,91.25,-2.281,91.27,22.9,--,118.8,87.63,电子-电子制造-电子零部件制造,--,--,--,179156319.81,872269084.08
688330.SH,宏力达,90.95,-2.696,90.95,33.23,--,120,88.11,机械设备-电气设备-输变电设备,--,--,--,255289195.79,2962242016.25
600276.SH,恒瑞医药,88.34,-1.932,88.33,16.04,73.14166667,105,64.125,医药生物-化学制药-化学制剂,21.9147,21.7111,21.0616,4258592129.13,28405244581.2
002568.SZ,百润股份,87.89,10.000,87.89,17.75,26,87.89,22.1,食品饮料-饮料制造-其他酒类,24.3913,22.8778,20.6456,383160586.86,2075086450.37
300815.SZ,玉禾田,86.64,-4.471,86.74,25.09,--,151.35,35.233,公用事业-环保工程-环保工程及服务,24.5675,25.0954,34.0446,527814251.78,2584780012.65
002709.SZ,天赐材料,86.48,2.683,86.51,17.05,20.81,89.28,18.6,化工-化学制品-其他化学制品,21.1508,22.1171,21.7371,518373889.44,3454980227.55
300124.SZ,汇川技术,84.43,-1.344,84.43,16.01,30.42,87.9,22.98,机械设备-电气设备-电气自控设备,20.6948,20.0754,18.8783,1498299053.01,10281234142.1
000333.SZ,美的集团,84.09,-3.010,84.09,20.35,57.06,95.32,44.7,家用电器-白色家电-空调,20.408,21.0512,21.3069,22018301000,120128992000
603233.SH,大参林,83.98,-4.062,84.08,18.08,43.1,99.44,41.625,医药生物-医药商业-医药商业Ⅲ,23.0805,22.1384,20.6526,867055229.02,5151010633.39
300870.SZ,欧陆通,83.70,3.628,83.70,21.28,--,114,66.26,电子-电子制造-电子零部件制造,--,--,--,132517775.91,1443283749.76
002993.SZ,奥海科技,81.33,4.418,81.30,23.19,--,112.68,32.26,电子-电子制造-电子零部件制造,25.52,22.1,16.3967,238005619.93,2140237412.58
688595.SH,芯海科技,79.40,1.795,79.40,20.14,--,84.08,61.38,电子-半导体及元件-集成电路,17.055,16.815,16.75,60692036.6,835451565.62
603899.SH,晨光文具,79.55,-0.164,79.27,20.5,48.62,86.44,39.91,轻工制造-家用轻工-文娱用品,24.1633,24.2023,23.7742,912908827.61,5207286796.56
300699.SZ,光威复材,78.80,-0.568,78.80,15.47,45.1,93,41.71,化工-化工合成材料-其他纤维,19.9591,18.7218,17.3205,524423569.7,3553796633.76
300892.SZ,品渥食品,78.40,-3.460,78.40,26.33,--,85.38,52.5,食品饮料-食品加工制造-乳品,20.22,21.815,22.725,102534118.17,1038113895.07
002714.SZ,牧原股份,77.30,-1.176,77.30,63.47,52.64705882,99.01,42.91764706,农林牧渔-养殖业-畜禽养殖,24.3921,41.326,61.8047,20987828337.83,58811941376.6
003011.SZ,海象新材,77.25,0.234,77.25,30.48,--,79.5,46.4,轻工制造-家用轻工-家具,22.1533,21.35,20.2833,147478186.71,1175585623.85
688208.SH,道通科技,76.95,-0.182,76.95,15.19,--,85.98,32.61,信息设备-计算机设备-计算机设备Ⅲ,36.88,31.8175,26.7875,319101047.79,2408464731.82
300770.SZ,新媒股份,75.00,-2.506,75.09,19.07,71.94444444,142.5,65.18,信息服务-通信服务-互联网信息服务,22.0639,22.1091,21.4204,455135646.77,2525593840.4
605123.SH,派克新材,75.09,3.831,75.07,15.31,--,92,36.4,机械设备-通用设备-机械基础件,21.49,20.0133,18.0067,121868064.19,1530700633.45
603816.SH,顾家家居,74.92,-0.795,74.85,16.39,44.73,83.78,32.63,轻工制造-家用轻工-家具,20.3485,20.2814,19.68,1009789625.65,7243597669.73
300628.SZ,亿联网络,74.56,-2.683,74.72,21.89,48.15333333,77.5,45.8,信息设备-通信设备-终端设备,27.9169,26.9944,25.2678,1007749914.38,4872574897.02
300905.SZ,宝丽迪,74.43,-4.147,74.43,19.99,--,124.3,72.2,化工-化工合成材料-其他塑料制品,--,--,--,77922413.2,416191984.49
601012.SH,隆基股份,73.98,1.985,73.98,20.8,24.7,83.09,21.37,机械设备-电气设备-电源设备,23.2935,24.48,24.144,6356828043.41,34078099366.45
300595.SZ,欧普康视,73.88,1.081,73.89,16.02,31.93333333,74.49,30.52,医药生物-医疗器械服务-医疗器械Ⅲ,24.5822,23.8389,22.2589,277501108.28,1793050767.51
300482.SZ,万孚生物,73.07,-0.733,73.11,22.85,51.6,111,51.36,医药生物-医疗器械服务-医疗器械Ⅲ,23.7131,23.6685,24.6538,565944831.91,3021018637.39
002032.SZ,苏泊尔,72.29,-0.014,72.30,16.32,75.46,88.8,61.33,家用电器-白色家电-小家电,23.3196,24.0658,24.2192,1080892547.17,6602677240.93
600779.SH,水井坊,72.06,-1.275,72.03,23.59,50.3,86.49,37.06,食品饮料-饮料制造-白酒,31.8394,32.3395,29.9747,501818992.18,1907340870.48
002901.SZ,大博医疗,71.36,-1.951,71.36,23.34,59.18,119.78,54.4,医药生物-医疗器械服务-医疗器械Ⅲ,25.9313,25.9529,26.6086,427595341.53,1950976175.43
300909.SZ,汇创达,69.96,2.042,69.96,18.5,--,94.89,66,电子-光学光电子-显示器件Ⅲ,--,--,--,70138298.97,416468526.6
600872.SH,中炬高新,69.89,-0.257,69.79,16.06,39.1,83.38,33.79,食品饮料-食品加工制造-调味发酵品,20.3872,19.8524,18.9362,667808603.59,4748402241.81
603520.SH,司太立,69.31,-2.886,69.31,16.41,30.11428571,98.5,28.03571429,医药生物-化学制药-化学原料药,27.63,24.8171,20.1829,198449659.64,1833868494.77
603317.SH,天味食品,69.13,1.662,69.13,25.94,30.84827586,78.38,22.0137931,食品饮料-食品加工制造-调味发酵品,23.585,21.5178,19.71,320162407.35,2051284613.8
300529.SZ,健帆生物,67.36,-2.036,67.36,27.15,37.33684211,82.39,35.26315789,医药生物-医疗器械服务-医疗器械Ⅲ,30.9442,29.825,28.4417,627410475.05,2580658053.91
300015.SZ,爱尔眼科,66.89,0.375,66.88,21.85,30.54615385,70.36,26.19230769,医药生物-医疗器械服务-医疗服务Ⅲ,25.027,23.5517,20.8891,1546035447.78,10217466283
300413.SZ,芒果超媒,65.78,-0.106,65.88,16.89,34.9,81.73,34.9,信息服务-通信服务-互联网信息服务,16.9831,16.7668,16.6768,1611889656.57,10251491635
300357.SZ,我武生物,65.50,-0.848,65.50,17.05,44.26,68,37.97,医药生物-生物制品-生物制品Ⅲ,24.3992,23.1192,20.8069,229130659.19,1481083680.12
300856.SZ,科思股份,64.78,-0.781,64.78,15.26,--,107.55,36.52,化工-化学制品-日用化学产品,16.4267,16.19,16.005,118705837.69,1430310025.84
605369.SH,拱东医疗,63.91,-0.265,63.91,32.82,--,80.75,37.98,医药生物-医疗器械服务-医疗器械Ⅲ,--,--,--,158970853.41,1141707336.77
002925.SZ,盈趣科技,63.96,0.016,63.83,16.38,43.43,81,40.72,电子-电子制造-电子零部件制造,24.0638,23.39,22.3013,687840740.62,4532730661.36
002932.SZ,明德生物,63.26,-4.050,63.25,45.39,36.13,117.37,34,医药生物-医疗器械服务-医疗器械Ⅲ,--,--,--,356229535.1,969884288.04
603866.SH,桃李面包,60.74,-2.598,60.73,18.08,41.5,67.88,33.5,食品饮料-食品加工制造-食品综合,22.2995,21.7555,21.3365,686028034.77,4635189097.17
603638.SH,艾迪精密,60.39,2.440,60.46,19.03,20.91034483,66.29,17.13103448,机械设备-专用设备-其它专用机械,24.0844,24.1156,22.3644,420851060.66,2353037632.59
002311.SZ,海大集团,60.17,-1.361,60.17,20.1,35.65,75.66,30.3,农林牧渔-农产品加工-饲料Ⅲ,22.0477,23.4231,22.7831,2073455342.08,12623045117.06
300624.SZ,万兴科技,59.97,-0.183,59.97,16.51,40.4,90.32,37.8125,信息服务-计算机应用-软件开发及服务,19.0914,17.5371,15.3271,132520901.08,818116566.16
300726.SZ,宏达电子,58.65,0.394,58.66,18.12,26.2,60.58,22.22,电子-半导体及元件-被动元件,24.6675,23.17,20.5688,336418833.98,2034865226.65
300877.SZ,金春股份,58.30,-2.247,58.30,29.56,--,104,47.07,纺织服装-纺织制造-其他纺织,20.14,20.64,33.39,205270590.74,1551115026.19
300502.SZ,新易盛,58.25,-0.052,58.23,22.96,29.01428571,83.75,27.73571429,信息设备-通信设备-终端设备,26.5362,26.4181,24.9667,341847921.61,1644743213.35
300638.SZ,广和通,58.01,1.044,58.05,16.02,34.95,84.41,30.63888889,信息设备-通信设备-通信配套服务,23.8536,22.0193,18.3621,223746790.52,1494341302.85
603301.SH,振德医疗,57.26,-1.632,57.25,85.93,15.10714286,106.11,14.80714286,医药生物-医疗器械服务-医疗器械Ⅲ,22.2,26.7,68.4,2097753320.69,3931141225.93
000526.SZ,紫光学大,56.71,-1.545,56.71,26.5,31.2,89.42,22.89,信息服务-传媒-其他传媒,38.5023,36.8485,-5.7754,30420052.54,122190730.34
605178.SH,时空科技,56.65,-0.474,56.65,16.65,--,92.61,55,建筑材料-建筑装饰-装饰园林,--,--,--,92145320.82,2022753460.25
300690.SZ,双一科技,56.58,-7.104,56.62,25.18,24.7,69,20.64,化工-化学制品-其他化学制品,21.71,21.8067,23.55,286377848,1245651850.1
300848.SZ,美瑞新材,56.46,-3.205,56.47,15.37,--,71.87,33.82,化工-化工新材料-聚氨酯,--,--,--,58876435.01,739872590.64
688026.SH,洁特生物,56.16,-3.934,56.16,17.62,--,156.5,51.5,化工-化工合成材料-其他塑料制品,--,--,--,129234773.56,806756496.85
003005.SZ,竞业达,55.92,-0.498,55.92,26.15,--,64.5,38.2,信息服务-计算机应用-软件开发及服务,16,16,13,137816491.55,1366536115.83
300394.SZ,天孚通信,55.91,-1.878,55.91,17.51,37.99,75.53,31.6,信息设备-通信设备-通信传输设备,22.564,21.6687,19.812,214484903.81,1311269708.79
300911.SZ,亿田智能,55.01,2.897,55.05,28.58,--,72.8,51.8,家用电器-白色家电-小家电,20.71,22.295,23.965,95523658.56,382519207.7
002475.SZ,立讯精密,53.36,1.503,53.34,20.67,28.36989315,63.88,25.98522274,电子-电子制造-电子零部件制造,25.8572,26.6508,25.4358,4679614065.03,26616455369.09
000049.SZ,德赛电池,53.24,1.063,53.25,15.89,40.41,61.4,32.31,电子-电子制造-电子系统组装,16.7,21.55,21.6,368407443.08,2519126862.31
600585.SH,海螺水泥,53.23,-0.393,53.23,17.11,53.3,63.56,41.21,建筑材料-建筑材料-水泥制造,17.8591,19.5078,21.9952,24719025756,157613120964
688557.SH,兰剑智能,52.42,1.590,52.41,19.22,--,77,51.3,机械设备-通用设备-其它通用机械,--,--,--,70901697.46,404352281.49
002987.SZ,京北方,52.40,-2.330,52.40,15.3,--,83.99,30.42,信息服务-计算机应用-软件开发及服务,27.046,27.496,26.43,184097821.98,1680395637
300822.SZ,贝仕达克,52.46,-1.983,52.40,15.24,--,68.78,27.88,电子-电子制造-电子零部件制造,--,--,--,133139859.27,1103967316.66
300666.SZ,江丰电子,52.40,-2.239,52.39,16.81,42.9312,75.7412,41.3112,电子-半导体及元件-半导体材料,17.7933,16.16,14.7767,109952234.86,1055796747.78
603369.SH,今世缘,51.25,-1.023,51.27,17.08,32.15,56.9,24.39,食品饮料-饮料制造-白酒,20.8934,20.051,19.0513,1313475018.05,8005116864.52
002978.SZ,安宁股份,49.78,-1.911,49.78,19.72,--,55.66,28.21,有色金属-有色冶炼加工-小金属,17.25,16.8,17.1,521722890.56,3851878532.96
688160.SH,步科股份,49.76,-3.697,49.76,20.41,--,75.8,49.3,机械设备-电气设备-电气自控设备,40,30.9,25.2,49158464.35,297049150.23
603868.SH,飞科电器,49.75,-3.511,49.75,16.87,37.25,63.79,32.19,家用电器-白色家电-小家电,23.1377,23.5079,23.4579,471049353.44,2665995400.67
002980.SZ,华盛昌,49.58,0.548,49.58,39.26,--,92,16.91,机械设备-仪器仪表-仪器仪表,--,--,--,315199199.46,1035626622.52
300873.SZ,海晨股份,48.59,0.935,48.59,17.52,--,81.79,42.1,交通运输-物流-物流Ⅲ,--,--,--,144465031.67,1792758032.05
600612.SH,老凤祥,48.43,-1.345,48.43,16.42,46.5,66.86,34.5,轻工制造-家用轻工-珠宝首饰,18.8486,19.2227,18.8513,1232583653.68,9064178604.47
300871.SZ,回盛生物,48.33,-2.324,48.33,18.6,--,87.99,43.35,农林牧渔-农业服务-动物保健,--,--,--,96943862.66,1329362397.49
000895.SZ,双汇发展,47.72,-1.405,47.72,28.47,27.72,65.01,24.69,食品饮料-食品加工制造-肉制品,29.4413,30.9342,31.6581,4938309156.77,25105830271.05
002979.SZ,雷赛智能,47.26,-1.888,47.29,17.46,--,56.98,11.06,机械设备-电气设备-电气自控设备,19.025,18.18,17.58,144544704.75,1080899932.08
603378.SH,亚士创能,47.14,-3.219,47.21,16.14,21.82,87.56,20.72,化工-化学制品-涂料油漆油墨制造,25.528,22.706,19.249,236714906.29,1568111896.03
300463.SZ,迈克生物,46.31,-2.214,46.38,16.78,27.18088,65.24,25.49088,医药生物-医疗器械服务-医疗器械Ⅲ,20.1564,19.7736,19.47,566072179.01,3781022303.88
300729.SZ,乐歌股份,45.92,-2.090,45.92,18.43,14.66875,77.28,11.08125,轻工制造-家用轻工-其他家用轻工,79.334,-26.284,21.092,161454064.19,953647228.19
300876.SZ,蒙泰高新,45.85,1.663,45.85,19.94,--,95,36.5,化工-化工合成材料-其他纤维,--,--,--,54562236.32,732689209.38
300861.SZ,美畅股份,45.50,-0.850,45.50,19.02,--,85,43.2,机械设备-通用设备-磨具磨料,24.605,24.295,21.83,324767077.35,3357898045.5
002507.SZ,涪陵榨菜,45.02,2.179,45.02,19.8,26.49,56.24,20.9,食品饮料-食品加工制造-食品综合,20.7689,21.325,22.0565,613606691.16,3247960814.03
688529.SH,豪森股份,44.20,-2.493,44.20,17.12,--,79.5,43.72,机械设备-专用设备-其它专用机械,--,--,--,68251894.93,441481493.32
002415.SZ,海康威视,43.89,-0.723,43.96,18.12,32.2,50.07,26.3,电子-电子制造-电子系统组装,24.8807,25.4715,26.0231,8438951476.64,48354335199.19
688526.SH,科前生物,43.88,-3.582,43.87,23.97,--,51.11,28.78,农林牧渔-农业服务-动物保健,22.79,23.194,21.972,319739673.87,2580453833.95
002705.SZ,新宝股份,43.62,3.930,43.63,19.5,16.22,52.3,16.11,家用电器-白色家电-小家电,21.779,21.9467,21.4319,909984008.22,4941856635.32
300893.SZ,松原股份,43.53,-1.516,43.53,16.29,--,67.2,34,交运设备-汽车零部件-汽车零部件Ⅲ,--,--,--,61486455.31,682485893.15
300572.SZ,安车检测,43.06,-2.269,43.07,21.09,48.05,79.95,38.15,机械设备-仪器仪表-仪器仪表,26.2823,25.4808,22.8642,157517508.43,1024570772.48
300552.SZ,万集科技,42.93,10.956,42.94,25.58,46.87777778,63,34.38888889,信息服务-计算机应用-软件开发及服务,29.15,34.25,38.85,459690599.83,1969596005.82
603319.SH,湘油泵,42.74,-1.225,42.74,15.18,17.67,53,14.67,交运设备-汽车零部件-汽车零部件Ⅲ,20.2467,19.5933,17.4867,129691503.19,925854849.03
002833.SZ,弘亚数控,42.09,-2.298,42.09,15.54,24.48125,53.1,20.9125,机械设备-专用设备-其它专用机械,21.3842,21.2971,19.8864,246252496.45,1710792591.01
300880.SZ,迦南智能,41.97,1.133,41.97,17.43,--,84,31.11,机械设备-仪器仪表-仪器仪表,--,--,--,60322266.31,625016759.88
300630.SZ,普利制药,41.30,-3.050,41.32,25.5,36.82800324,55,35.48351369,医药生物-化学制药-化学制剂,26.195,25.4075,23.92,284946031.6,1957230609.07
300715.SZ,凯伦股份,41.10,-2.259,41.10,15.07,20.68,74.58,17.72,建筑材料-建筑材料-其他建材,23.7522,21.4656,17.74,171789390.85,1217322587.37
003008.SZ,开普检测,40.65,-1.954,40.64,16.58,--,53,35.69,机械设备-电气设备-输变电设备,--,--,--,67646490.85,997393666.81
688551.SH,科威尔,40.63,-2.332,40.63,17.8,--,66.31,38.1,机械设备-专用设备-其它专用机械,--,--,--,35358144.41,902502960.26
600887.SH,伊利股份,40.58,-0.246,40.58,21.68,30.35,44.54,26.08,食品饮料-食品加工制造-乳品,25.9825,25.6652,24.7052,6024373271.29,28548286634.48
002508.SZ,老板电器,40.26,-1.322,40.30,15.56,33.4,44.79,23.88,家用电器-白色家电-小家电,19.2604,20.324,21.2388,1122839103.5,7643533074.27
300738.SZ,奥飞数据,39.70,-1.757,39.70,16.21,20.41176471,65.96,17.34705882,信息服务-计算机应用-软件开发及服务,22.048,20.611,22.691,119749721.06,796277998.91
002869.SZ,金溢科技,39.29,3.179,39.27,25,42.3,64.87,35.26666667,电子-其他电子-其他电子Ⅲ,27.2,28.9333,32.1,510224199.36,2249334567.8
603707.SH,健友股份,38.83,-1.196,38.83,19.24,31.84615385,60.03,31.36923077,医药生物-化学制药-化学原料药,24.1182,23.6118,22.5545,613125613.02,3458429505.29
603043.SH,广州酒家,38.71,-0.487,38.80,15.53,30.15,47.56,23.65,食品饮料-食品加工制造-食品综合,19.432,19.232,17.3672,359503221.26,2454149926.4
002810.SZ,山东赫达,38.42,-2.388,38.42,20.28,19.2,43.51,14.97,化工-化学制品-其他化学制品,23.99,22.695,22.375,199654120.09,1005086441.46
002414.SZ,高德红外,38.32,-0.571,38.32,20.66,12.24705882,44.69,12.18235294,电子-其他电子-其他电子Ⅲ,23.79,23.535,23.25,796020577.56,4146753886.01
300867.SZ,圣元环保,37.94,-2.217,37.94,16.54,--,79.9,31.1,公用事业-环保工程-环保工程及服务,--,--,--,241569834.72,2664844809.43
300639.SZ,凯普生物,37.86,1.366,37.86,19.59,24.2,60.55,23.8,医药生物-医疗器械服务-医疗器械Ⅲ,19.0946,17.47,18.72,273293520.31,2487057585.69
688013.SH,天臣医疗,37.76,-0.132,37.76,21.69,--,48,33.86,医药生物-医疗器械服务-医疗器械Ⅲ,14.9,11.35,8.23,26072007.42,457032276.9
002607.SZ,中公教育,37.14,0.351,37.13,42.35,17.64,43.58,14.18,信息服务-传媒-其他传媒,47.5532,49.0058,49.6829,1320893510.33,3299150320.94
300607.SZ,拓斯达,36.96,3.269,36.96,27.07,26.42222222,52.45,20.63888889,机械设备-通用设备-其它通用机械,19.4153,19.9575,26.4975,517788025.53,2166116101.19
002626.SZ,金达威,36.89,2.188,36.90,24.03,19.03,64.48,17.4,医药生物-化学制药-化学原料药,32.11,32.7,33.0667,794268001.8,3346089155.46
300571.SZ,平治信息,36.79,-2.748,36.80,19.59,54.83,70.54,36.76,信息服务-传媒-其他传媒,22.1375,24.2425,26.4625,173656075.66,1070824282.55
605068.SH,明新旭腾,36.61,-5.548,36.60,22.99,--,47.58,27.8,交运设备-汽车零部件-汽车零部件Ⅲ,14.54,13.17,12.36,159355481.09,772849920.46
300327.SZ,中颖电子,36.49,-3.262,36.48,15.02,23.45454545,41.41,23.26363636,电子-半导体及元件-集成电路,25.3083,22.9614,19.7543,150433601.97,1012798137.84
003001.SZ,中岩大地,36.21,-0.248,36.21,15.65,--,47.77,34.36,建筑材料-建筑装饰-专业工程,--,--,--,86416993.47,1266089127.21
300244.SZ,迪安诊断,35.86,-1.211,35.90,20.52,22.172,46.65,21.722,医药生物-医疗器械服务-医疗器械Ⅲ,15.6325,15.7711,20.2267,899354586.42,5988187796.83
688057.SH,金达莱,35.52,-0.309,35.51,24.66,--,48.48,35.14,公用事业-环保工程-环保工程及服务,--,--,--,307446518.7,1353069820.66
603238.SH,诺邦股份,35.36,0.798,35.37,21.92,17.16,48.5,17.15,纺织服装-纺织制造-其他纺织,20.8675,20.6,24.1425,215192052.32,1278646313.05
003019.SZ,宸展光电,35.35,-2.321,35.35,19.88,--,45.21,28.3,电子-光学光电子-显示器件Ⅲ,--,--,--,96668057.44,510438641.33
002271.SZ,东方雨虹,35.20,-2.116,35.16,17.83,17.53333333,42.21333333,16.1,建筑材料-建筑材料-其他建材,22.4875,22.8219,23.2393,2130331881.78,13396643664.85
605003.SH,众望布艺,33.85,-1.542,33.85,24.66,--,40.79,28.4,纺织服装-纺织制造-其他纺织,24.42,26.125,29.005,96025530.02,939206916.58
002001.SZ,新和成,33.61,2.500,33.62,16.45,22.85,35.67,20.5,医药生物-化学制药-化学原料药,19.19,19.6508,20.0836,2937403053.23,18749311771.24
603258.SH,电魂网络,33.48,-2.332,33.50,15.44,23.23,64.55,23.23,信息服务-传媒-其他传媒,20.0129,20.235,17.7033,309873001.51,2163559774.28
002030.SZ,达安基因,33.26,-1.714,33.26,58.89,10.25909091,51.2,10.07727273,医药生物-医疗器械服务-医疗器械Ⅲ,24,25,58,1537215950.7,3575008555.67
000951.SZ,中国重汽,33.23,-3.177,33.22,17.63,22.2,45.33,15.8,交运设备-汽车整车-商用载货车,18.3654,19.8443,21.4179,1311390309.03,8913500746.19
002803.SZ,吉宏股份,33.14,-0.421,33.13,27.31,15.47058824,49.34,15.38823529,信息服务-传媒-营销服务,28.5545,29.8009,30.3855,432888464.06,1807793786.94
300701.SZ,森霸传感,32.96,-1.992,32.96,19.99,31.85167,46.5,24.52167,电子-光学光电子-光学元件,23.91,23.44,22.61,117256468.98,633979519.31
603985.SH,恒润股份,32.81,-1.323,32.82,24.14,10.76428571,34.35,8.74285714,机械设备-通用设备-机械基础件,--,--,--,309730021.08,1395392252.95
002242.SZ,九阳股份,32.73,-1.147,32.74,16.54,24.55,45.98,23.55,家用电器-白色家电-小家电,22.6346,22.4944,21.7312,643988210.04,4000014163.4
002942.SZ,新农股份,32.54,0.092,32.54,16.64,27.93,41.49,21.2,化工-化学制品-农药,--,--,--,165714082.57,1053715951.07
688127.SH,蓝特光学,32.51,2.782,32.51,18.01,--,44.48,25.66,电子-光学光电子-光学元件,21.0867,16.05,11.7967,127861787.17,1329021268.83
605336.SH,帅丰电器,31.75,-0.564,31.75,16.09,--,38.48,29.15,家用电器-白色家电-小家电,14.78,15.765,16.325,124807918.87,1629440395.3
601865.SH,福莱特,31.71,-1.461,31.71,16.49,12.365,44.815,10.085,建筑材料-建筑材料-玻璃制造,23.0641,24.7748,20.9222,811733308.15,5576521054.7
300443.SZ,金雷股份,31.35,-3.889,31.39,16.2,14.02,39.98,11.75,机械设备-电气设备-电源设备,16.15,16.8,15.95,335993220.1,2227382232.5
600031.SH,三一重工,30.95,-1.747,30.93,24.06,16.87,32.84,13.97,机械设备-专用设备-工程机械,22.8538,25.2488,27.2091,12450341000,54901439000
300882.SZ,万胜智能,30.86,0.195,30.86,15.81,--,60,28.66,机械设备-仪器仪表-仪器仪表,--,--,--,65533491.01,790752379.7
002768.SZ,国恩股份,30.68,-2.261,30.69,24.56,23.29,60.68,21.08,化工-化工合成材料-改性塑料,19.9,22.7,27.4,664040508.73,3146102670.86
688588.SH,凌志软件,30.00,-3.168,29.95,15.58,--,54.6,27.3,信息服务-计算机应用-软件开发及服务,25.55,22.55,19.5,137745392.07,1122732518.55
300824.SZ,北鼎股份,29.78,-0.766,29.78,15.14,--,40.8,6.89,家用电器-白色家电-小家电,20.3121,19.4715,17.9962,68113448.35,628491100.05
605099.SH,共创草坪,29.13,-5.422,29.13,30.4,--,35.35,20.38,轻工制造-家用轻工-文娱用品,25.424,27.282,27.168,313866632.2,1736183541.41
002555.SZ,三七互娱,29.05,-1.157,29.04,28.78,26.52,50.78,24.5,信息服务-传媒-其他传媒,26.2146,28.5596,31.0064,2260226115.63,8382299610.61
300901.SZ,中胤时尚,28.84,1.406,28.86,20.2,--,50,27.39,纺织服装-服装家纺-鞋帽,19.92,20.04,20.07,84432260.95,460295049.26
000963.SZ,华东医药,28.77,-2.574,28.77,17.69,24.23,34.88,15.74,医药生物-化学制药-化学制剂,18.88,19.5157,20.3529,2391466604.78,14805086025.57
600438.SH,通威股份,28.69,-1.747,28.69,17.31,13.114,34.71,11.024,机械设备-电气设备-电源设备,19.9339,19.8956,20.7674,3332566062.69,25146048740.12
300246.SZ,宝莱特,28.59,0.140,28.59,45.77,15.18,49.66,14.65,医药生物-医疗器械服务-医疗器械Ⅲ,--,--,--,314873258.79,930855316.61
605007.SH,五洲特纸,28.55,1.855,28.55,21.59,--,30,12.11,轻工制造-造纸-造纸Ⅲ,--,--,--,244088795.98,1252728890.19
002299.SZ,圣农发展,28.31,-0.352,28.35,18.42,22.76,31.48,16.97,农林牧渔-养殖业-畜禽养殖,18.8442,19.0562,22.3254,1806436998.27,10518432278.62
300003.SZ,乐普医疗,28.27,-1.533,28.26,23.4,33.11,46.96,28.11,医药生物-医疗器械服务-医疗器械Ⅲ,23.8357,23.6279,23.2279,1973037244.82,10689465857.13
002624.SZ,完美世界,27.94,-1.931,27.94,17.41,29.51333333,43.16,24.64,信息服务-传媒-其他传媒,19.2111,20.0719,20.2011,1806569196.68,11791817243.8
002223.SZ,鱼跃医疗,27.81,-1.208,27.81,22.72,19.98,41.51,19.53,医药生物-医疗器械服务-医疗器械Ⅲ,17.6757,17.274,22.5293,1510192491.65,7242860262.14
002605.SZ,姚记科技,27.47,-1.893,27.47,52.08,19.24826,46,19.02826,信息服务-传媒-其他传媒,26.9436,27.1482,44.6036,984978324.31,1997028717.21
002216.SZ,三全食品,27.32,-1.691,27.32,22.89,14.29,40.38,12.15,食品饮料-食品加工制造-食品综合,18.32,20.1173,23.2782,570589506.8,2751185417.25
603505.SH,金石资源,27.24,-0.693,27.21,17,20.55,28.49,19,采掘-石油矿业开采-其他采掘Ⅲ,21.72,22.2411,21.2889,167571572.61,1022349028.47
300151.SZ,昌红科技,27.07,-3.633,27.06,15.52,8.64,28.88,6.83,机械设备-专用设备-其它专用机械,23.9,21.3,17.7,146088654.26,1041198225.46
688093.SH,世华科技,26.93,-3.164,26.93,25.8,--,32,24.17,化工-化学制品-其他化学制品,--,--,--,79102395.52,1042131828.53
603810.SH,丰山集团,26.65,-1.842,26.65,15.19,21.40285714,41.66,16.63142857,化工-化学制品-农药,20.02,23.04,24.39,180433891.27,1280731900.45
300658.SZ,延江股份,26.31,-1.865,26.31,32.27,14.7,46.9,12.85,纺织服装-纺织制造-其他纺织,--,--,--,315708865.45,1130463061.11
002884.SZ,凌霄泵业,26.00,1.088,26.01,15.07,12.50230769,33.19,11.29461538,机械设备-通用设备-其它通用机械,--,--,--,268738857.16,1872024120.17
603218.SH,日月股份,25.98,-1.553,25.99,17.69,14.77857143,28.7,11.64285714,机械设备-电气设备-电源设备,22.4617,22.745,21.3333,701699425.24,5187320904.36
600685.SH,中船防务,25.99,2.727,25.99,28.57,14.98,45.1,11.8,国防军工-国防军工-船舶制造,--,--,--,3318340727.06,17108100756.44
000876.SZ,新希望,25.86,-2.783,25.85,17.37,19.97,42.2,15.53,农林牧渔-农产品加工-饲料Ⅲ,18.893,31.4991,28.5309,5084582826.41,43792473614.48
002493.SZ,荣盛石化,25.83,-0.539,25.84,22.58,12.27,26.79,9.28,化工-化工合成材料-涤纶,25.871,25.541,23.3171,5651974576.39,64461437699.22
688129.SH,东来技术,25.72,-2.243,25.72,16.62,--,38.47,24.66,化工-化学制品-涂料油漆油墨制造,11.1,10,9.4,54809263.34,359237227.21
603466.SH,风语筑,25.70,0.078,25.70,15.36,14.93,26.76,12.35,建筑材料-建筑装饰-装饰园林,18.254,17.564,16.48,274840988.71,1908068174.03
603079.SH,圣达生物,25.58,-0.467,25.58,16.85,28.27142857,43.82142857,21.05714286,医药生物-化学制药-化学原料药,--,--,--,200406148.72,1332141508.89
300146.SZ,汤臣倍健,25.44,0.039,25.44,23.01,15.16,27.55,14.85,食品饮料-食品加工制造-食品综合,19.5091,20.0309,19.6955,1466818851.47,6923254009.21
002706.SZ,良信股份,25.41,-1.512,25.41,15.6,8.2,29.97,7.2,机械设备-电气设备-输变电设备,26.869,23.1755,18.66,318295611.67,2077909519.91
002973.SZ,侨银环保,25.31,0.676,25.31,24.49,--,31.2,6.856,公用事业-环保工程-环保工程及服务,21.42,20.7438,23.8475,293006218.77,1575899240.29
002878.SZ,元隆雅图,24.91,2.469,24.90,15.93,18.98235294,28.76470588,16.55294118,信息服务-传媒-营销服务,23.172,22.782,20.018,117720962.44,822607866.41
002214.SZ,大立科技,24.81,0.202,24.80,26.7,10.64955,32.56,10.55955,电子-其他电子-其他电子Ⅲ,23.412,23.414,26.292,338806332.81,1401462963.01
600346.SH,恒力石化,24.52,-2.584,24.51,24.5,15.66,27.6,11.54,化工-化工合成材料-涤纶,23.7696,26.0944,28.0324,9895656555.92,43672440978.39
002984.SZ,森麒麟,24.12,-1.471,24.12,18.15,--,30.03,22.66,化工-化工合成材料-轮胎,--,--,--,716040894.06,5488750656.71
603327.SH,福蓉科技,24.02,-2.278,24.02,18.75,28.99,35.55,22.05,电子-电子制造-电子零部件制造,--,--,--,254280769.5,1429380614.72
002838.SZ,道恩股份,23.84,-1.892,23.85,53.94,10.291,62.131,10.231,化工-化工合成材料-改性塑料,18.71,19.224,49.356,779972255.55,1897512341.44
600801.SH,华新水泥,23.61,-0.673,23.61,18.01,25.58,29.1,16.79,建筑材料-建筑材料-水泥制造,21.0205,23.4811,23.2342,4024415213,24287012104
603010.SH,万盛股份,23.29,-2.594,23.28,17.36,11.23,25.75,9.55,化工-化学制品-其他化学制品,19.9383,21.3567,20.0767,230155105.7,1444512035.02
300481.SZ,濮阳惠成,23.23,-1.777,23.22,15.36,17.85,27.57,13.55,化工-化学制品-其他化学制品,20.7622,19.5322,18.0544,140197914.23,956677776.22
000739.SZ,普洛药业,23.09,-0.517,23.08,15.77,12.875,29.1,12.445,医药生物-化学制药-化学原料药,20.4409,19.5073,18.0973,630118433.62,4203773248.54
603565.SH,中谷物流,23.01,-1.202,23.01,16.23,--,31.95,22.6,交通运输-港口航运-航运Ⅲ,--,--,--,494520023.17,4666278766.1
605222.SH,起帆电缆,22.94,-1.163,22.94,16.19,--,32.11,21.76,机械设备-电气设备-其他电力设备,--,--,--,307647731.35,2717938716.93
605388.SH,均瑶健康,22.70,4.688,22.78,17.34,--,32.25,16.12,食品饮料-饮料制造-软饮料,--,--,--,197380810.22,1914857007.14
300418.SZ,昆仑万维,22.23,-1.550,22.23,60.49,16.82434,31.13,16.68434,信息服务-传媒-其他传媒,16.0125,16.31,47.665,4175491807.24,9042203171.58
002028.SZ,思源电气,22.00,-2.913,22.00,15.21,13.75,30.66,12.5,机械设备-电气设备-输变电设备,19.675,19.18,18.86,832631761.44,6010465244.11
000672.SZ,上峰水泥,21.90,-0.770,21.90,25.95,17.61,31.98,14.6,建筑材料-建筑材料-水泥制造,27.6458,31.0518,35.6191,1513983271.32,6640866937.11
003006.SZ,百亚股份,21.89,-2.148,21.87,16.98,--,22.95,7.93,轻工制造-造纸-造纸Ⅲ,20.3917,19.8067,18.8867,130034113,1071975884
603606.SH,东方电缆,21.76,-1.582,21.78,25.58,10.94,29.74,10.2,机械设备-电气设备-其他电力设备,26.755,30.3436,29.4671,613370761.85,2863491859.44
600566.SH,济川药业,21.65,-0.870,21.65,15.92,23.04,29.67,18.37,医药生物-中药-中药Ⅲ,16.6,17.1,17.4,959544959.15,7445512752.81
002950.SZ,奥美医疗,21.58,-2.441,21.58,35.51,13.56666667,40.14,13.27333333,医药生物-医疗器械服务-医疗器械Ⅲ,30.975,32.76,35.37,959153800.8,2750209930.41
002382.SZ,蓝帆医疗,21.56,-1.732,21.56,20.52,12.06,38.4,12,医药生物-医疗器械服务-医疗器械Ⅲ,16.9667,23.1333,30.9,1888153640.89,10036586826.88
003013.SZ,地铁设计,21.28,-2.831,21.28,19.9,--,25.74,16.12,建筑材料-建筑装饰-基础建设,--,--,--,232823357.37,1302960748.01
002511.SZ,中顺洁柔,21.12,-0.938,21.13,15.18,12.655,27.15,11.575,轻工制造-造纸-造纸Ⅲ,18.5558,18.9413,18.8491,671693102.07,4782303157.64
603568.SH,伟明环保,21.05,-1.544,21.05,19.52,17.49230769,26.45,17.32307692,公用事业-环保工程-环保工程及服务,22.6738,23.16,22.9138,907346808.34,5068794255.23
300737.SZ,科顺股份,20.95,-0.805,20.95,16.52,11.53,32.17,10.3,建筑材料-建筑材料-其他建材,21.2244,20.196,19.9007,574569707.59,3808147164.76
002236.SZ,大华股份,20.50,-1.726,20.50,16.51,19.977,24.51,14.61,电子-电子制造-电子系统组装,19.7538,20.03,20.4556,2825124363.85,18912582844.27
002653.SZ,海思科,20.45,-1.824,20.45,15.81,20.27807,30,17.88807,医药生物-化学制药-化学制剂,21.4,20.7,21.5,402740565.12,2670025892.95
000708.SZ,中信特钢,20.26,-0.735,20.26,16.87,12.96470588,22.32,9.63529412,黑色金属-钢铁-特钢,19.117,19.633,20.119,4346390398.64,26711475557.93
300439.SZ,美康生物,20.10,-2.142,20.10,20.26,13.6,24.66,12.53,医药生物-医疗器械服务-医疗器械Ⅲ,--,--,--,299455506.39,1668111687.79
300390.SZ,天华超净,20.06,1.211,20.06,23.37,6.28,20.85,6.08,电子-其他电子-其他电子Ⅲ,14.6,9.6,23.5,229762272.05,1106172215.05
002463.SZ,沪电股份,19.80,-1.591,19.80,17.55,22.29,31.28,17.68,电子-半导体及元件-印制电路板,24.0143,23.7071,22.7543,954593694,5831254905
300461.SZ,田中精机,19.60,14.219,19.60,56.02,19.66,29.23,14.23,机械设备-专用设备-其它专用机械,--,--,--,33217347.59,88165365.81
300498.SZ,温氏股份,19.57,-1.311,19.58,17.34,27.05833333,31.06666667,17.9,农林牧渔-养殖业-畜禽养殖,17.6743,24.3521,28.4543,8241484078.37,48489282666.19
603360.SH,百傲化学,19.40,-3.145,19.40,16.86,24.55,27.16428571,16.18571429,化工-化学制品-农药,--,--,--,178809189.22,1112654582.19
002372.SZ,伟星新材,18.54,-2.370,18.54,18.18,12.72,20.87,9.68,建筑材料-建筑材料-管材,26.1367,25.477,24.6648,734203745.04,3856108102.91
605376.SH,博迁新材,18.51,9.982,18.51,18.57,--,18.51,14.03,有色金属-新材料-金属新材料Ⅲ,--,--,--,115658064.09,680579455.08
603408.SH,建霖家居,18.51,-2.579,18.51,16.73,--,29.42,17.51,轻工制造-家用轻工-其他家用轻工,--,--,--,260838590.71,2263957209.2
002157.SZ,正邦科技,18.22,-1.938,18.22,43.63,16.43,26.68,11.14,农林牧渔-农产品加工-饲料Ⅲ,22.283,39.456,47.46,5433011803.46,16500016245.63
605118.SH,力鼎光电,17.98,-1.425,17.98,15.18,--,27.45,11.14,电子-光学光电子-光学元件,--,--,--,114359335.05,1089256314.33
603886.SH,元祖股份,17.90,-2.559,17.90,19,16.61,21.99,13.08,食品饮料-食品加工制造-食品综合,17.4525,17.3,17.185,293001892.99,1492349793.16
002022.SZ,科华生物,17.43,-2.680,17.43,15.54,11.685,25.99,11.485,医药生物-医疗器械服务-医疗器械Ⅲ,--,--,--,401829127.59,3461365805.71
600143.SH,金发科技,17.23,1.235,17.21,30.74,7.23,19.13,7.15,化工-化工合成材料-改性塑料,15.4467,15.6189,30.0956,3794203086.82,14790813049.89
600598.SH,北大荒,17.15,-0.407,17.15,15.12,9.41,22.88,8.44,农林牧渔-种植业与林业-粮食种植,15.67,16.44,15.9633,1037940907.77,6782909564.57
300206.SZ,理邦仪器,16.87,-1.114,16.87,40.36,7.108,27.9,6.948,医药生物-医疗器械服务-医疗器械Ⅲ,24.2967,26.24,36.0433,635941073.96,1830062230.92
002677.SZ,浙江美大,16.73,-3.462,16.73,21.97,12.908,22,9.788,家用电器-白色家电-小家电,29.6923,30.2117,29.0857,335246603.97,1493175202.86
002832.SZ,比音勒芬,16.43,-1.910,16.43,16.76,15.09411765,20.8,10.19411765,纺织服装-服装家纺-其他服装,20.9965,20.8435,19.8441,348651959.01,2205457413.01
000338.SZ,潍柴动力,16.26,-1.693,16.26,15.02,15.754,18.34,11.404,交运设备-汽车零部件-汽车零部件Ⅲ,16.8125,17.7982,18.2388,7105815774.83,74624300452.85
002124.SZ,天邦股份,16.03,-1.353,16.04,61.57,12.95,20.99,8.06,农林牧渔-农产品加工-饲料Ⅲ,25.0314,34.7471,55.9814,2824370401.67,8357408921.2
000987.SZ,越秀金控,15.93,-3.161,15.93,21.93,9.62,26.86,7.15,金融服务-保险及其他-多元金融,--,--,--,4510991476.42,30703365750.84
300415.SZ,伊之密,15.78,4.784,15.77,15.83,9.72,16.87,6.19,机械设备-专用设备-其它专用机械,21.6138,21.0386,18.2557,216770055.05,1482957517.92
002039.SZ,黔源电力,15.53,-0.577,15.52,15.06,14.65,17.7,12.48,公用事业-电力-水电,11,11.2,12.2,452400109.01,5593964278.72
603600.SH,永艺股份,15.50,-1.462,15.50,15.8,12.18,22.64,9.53,轻工制造-家用轻工-家具,21.71,20.67,19.05,207172776.28,1399752932.4
603601.SH,再升科技,15.37,-0.711,15.37,19.13,7.55,19.48,7.39,化工-化工新材料-玻纤,20.7086,20.1514,21.7557,317570885.59,1867454155.86
300559.SZ,佳发教育,15.10,-2.837,15.07,17.43,19.51333333,26,15,信息服务-计算机应用-软件开发及服务,25.2688,24.7883,22.8822,172636261.68,1121005180.31
300497.SZ,富祥药业,14.87,-0.734,14.87,16.57,11.75,22.84,10.375,医药生物-化学制药-化学原料药,22.6444,22.5256,20.1356,293564445.85,2032635885.75
002755.SZ,奥赛康,14.87,-1.262,14.87,18.08,16.02,22.28,13.8,医药生物-化学制药-化学制剂,20.445,21.385,22.705,479276144.81,2789506346.48
600720.SH,祁连山,14.72,-1.539,14.72,19.73,12.22,22.46,9.27,建筑材料-建筑材料-水泥制造,19.9219,21.7588,22.5012,1447601359.58,8587599883.01
300400.SZ,劲拓股份,14.42,3.891,14.42,18.47,14.51,19.42,10.82,机械设备-通用设备-其它通用机械,--,--,--,110922358.62,660897453.22
605066.SH,天正电气,14.37,-2.245,14.37,18.18,--,21.13,12.02,机械设备-电气设备-输变电设备,--,--,--,180099589.64,1667618464.43
600340.SH,华夏幸福,14.28,-1.721,14.28,15.23,21.21538462,21.5,13.33,房地产-房地产开发-房地产开发Ⅲ,22.6429,24.9013,25.785,7280066773.15,90942012122.66
002782.SZ,可立克,14.28,-2.326,14.28,20.81,10.55,16.88,8.59,电子-电子制造-电子零部件制造,--,--,--,195455015.85,1444772264.42
000789.SZ,万年青,14.19,-1.389,14.20,19.21,11.6,20.7,8.69,建筑材料-建筑材料-水泥制造,21.1767,22.8425,26.59,1023347693.2,8451353688.32
002726.SZ,龙大肉食,13.84,-0.928,13.88,23.22,6.991,15.4,5.221,食品饮料-食品加工制造-肉制品,23.495,24.7575,26.2325,614067011.13,3342125866.24
603363.SH,傲农生物,13.68,-2.006,13.68,29.64,12.18461538,20.80769231,8.53076923,农林牧渔-农产品加工-饲料Ⅲ,33.75,39.775,49.7,502274974.03,3724873963.56
600556.SH,天下秀,13.61,-2.086,13.61,22.99,12.2246,24.6,10.3146,信息服务-传媒-营销服务,26.7938,25.3992,23.2325,247228663.87,3257336957.03
603808.SH,歌力思,13.51,-0.807,13.52,16.68,14.72,18.91,9.8,纺织服装-服装家纺-女装,15.2138,14.7585,20.0523,341550846.16,2197668126.05
000935.SZ,四川双马,13.40,-0.520,13.40,15.36,16.504,16.944,11.454,建筑材料-建筑材料-水泥制造,--,--,--,696255708.81,4879230294.27
603609.SH,禾丰牧业,13.24,-2.647,13.24,15.29,11.65,19.14,8.91,农林牧渔-农产品加工-饲料Ⅲ,17.0657,18.6538,20.4975,928184218.31,7546019928.3
002401.SZ,中远海科,13.21,-2.365,13.21,15.47,11.27,19.25,8.97,信息服务-计算机应用-软件开发及服务,--,--,--,159838813.06,1106811381.52
002100.SZ,天康生物,13.20,-2.005,13.20,27.89,12.85,19.7,8.76,农林牧渔-农产品加工-饲料Ⅲ,19.1146,26.7723,35.5715,1477586003.68,6602827094.35
002734.SZ,利民股份,13.13,-2.015,13.13,16.83,10.49230769,17.86,8.47692308,化工-化学制品-农药,18.0193,18.0629,17.9,373916723.77,2484246570.59
603988.SH,中电电机,12.96,-1.069,12.96,22.41,9.215,20.257,7.735,机械设备-电气设备-电机,--,--,--,172334812.1,757804550
002582.SZ,好想你,12.84,-1.985,12.84,49.72,8.344,18.51,7.244,食品饮料-食品加工制造-食品综合,--,--,--,2238486243.11,5593403554.08
000532.SZ,华金资本,12.74,-2.374,12.75,15.13,12.02,14.52,8.93,金融服务-保险及其他-多元金融,--,--,--,138354683.72,1156934664.25
603598.SH,引力传媒,12.41,1.306,12.41,18.78,18.69,24.68,11,信息服务-传媒-营销服务,33.1,32.6433,24.9433,72306184.31,420840319.02
600731.SH,湖南海利,12.40,0.324,12.40,16.0531,7.27,12.98,5.64,化工-化学制品-农药,18.41,18.65,18.76,204528101.42,1483069232.71
002749.SZ,国光股份,12.38,-1.512,12.38,16.83,10.43177893,15.62,8.20379965,化工-化学制品-农药,20.3843,20.0329,18.9271,197327819.39,1294767484.84
300030.SZ,阳普医疗,12.32,-2.222,12.32,22.1,7.18,16.63,6.67,医药生物-医疗器械服务-医疗器械Ⅲ,--,--,--,207654211.12,1046466828.46
603880.SH,南卫股份,12.27,-1.048,12.28,15.06,9.11538462,24.48,8.2,医药生物-医疗器械服务-医疗器械Ⅲ,--,--,--,91894725.72,652148726.32
605158.SH,华达新材,12.21,-1.532,12.21,16.65,--,18.02,10.26,建筑材料-建筑材料-其他建材,--,--,--,202513595.1,1892480229.14
002909.SZ,集泰股份,10.93,-1.265,10.93,17.13,8.00714286,13.89,6.64285714,化工-化学制品-其他化学制品,27.75,23.65,21.45,94289891.31,571192455.14
000576.SZ,甘化科工,10.88,-1.716,10.88,49.74,7.63,13.62,5.61,国防军工-国防军工-地面兵装,--,--,--,744053599.58,1889502312.62
002436.SZ,兴森科技,10.80,-1.639,10.80,15.38,8.11,17.88,8.01,电子-半导体及元件-印制电路板,15.5333,13.9667,14.9333,457396065.52,3453013000.92
002027.SZ,分众传媒,10.28,-0.676,10.29,15.12,6.28,10.67,3.78,信息服务-传媒-营销服务,22.314,22.699,20.62,2202393644.82,15397162887.11
601225.SH,陕西煤业,10.07,1.615,10.07,18.13,8.69,10.98,6.35,采掘-煤炭开采加工-煤炭开采Ⅲ,14.664,15.4887,19.5687,11478632757.49,88250204874.12
002318.SZ,久立特材,10.03,-1.667,10.03,15.45,9.16,11.33,6.62,黑色金属-钢铁-特钢,15.0411,15.5322,15.6011,549155161.12,3860152454.28
000531.SZ,穗恒运A,9.48,-2.769,9.48,16.57,6.81,11.89,5.36,公用事业-电力-火电,--,--,--,766724030.42,5695826446.55
000961.SZ,中南建设,9.44,-0.735,9.45,15.78,10.48,11.01,6.63,房地产-房地产开发-房地产开发Ⅲ,23.9848,25.4412,25.4132,3684530516.04,37409368146.8
002432.SZ,九安医疗,9.34,-2.304,9.33,19.69,5.1,13.98,5.05,医药生物-医疗器械服务-医疗器械Ⅲ,--,--,--,363050993.65,2038650631
600234.SH,ST山水,9.30,-0.107,9.30,34.47,9.08,11.75,8.51,综合-综合-综合Ⅲ,--,--,--,29373945.68,122821095.44
300131.SZ,英唐智控,9.17,-7.194,9.16,18.83,5.19,12.45,4.4,电子-电子制造-电子零部件制造,15.37,11.45,9.55,285787517.63,1454083766.25
002761.SZ,多喜爱,8.84,-0.451,8.84,18.1,10.8,11.5,8.13,建筑材料-建筑装饰-房屋建设,--,--,--,780794350.91,5918136658.78
002548.SZ,金新农,8.70,-2.357,8.70,16.26,6.80769231,12.65,5.00769231,农林牧渔-农产品加工-饲料Ⅲ,22.8,25.4,26.2,325287420.29,2563060904.28
002107.SZ,沃华医药,8.57,-0.695,8.57,19.47,5.20625,13.11,5.11875,医药生物-中药-中药Ⅲ,--,--,--,140764542.46,878337066.58
600975.SH,新五丰,8.56,-3.058,8.56,18.57,8.1,12.95,5.77,农林牧渔-养殖业-畜禽养殖,--,--,--,237221496.61,1449771069.86
002567.SZ,唐人神,8.51,-1.732,8.51,19.3,8.84018,12.6,5.76018,农林牧渔-农产品加工-饲料Ⅲ,17.27,23.9913,32.4438,706373179.43,5582962393.52
002105.SZ,信隆健康,8.38,-5.311,8.38,18.09,5.7,11.01,4.25,交运设备-非汽车交运-其他交运设备,22.4,22.7,21.3,112790015.98,657719112.16
600802.SH,福建水泥,8.36,-3.241,8.36,15.19,7.31666667,11.94,5.825,建筑材料-建筑材料-水泥制造,--,--,--,218286908.01,1590915964
000922.SZ,佳电股份,7.93,-2.101,7.92,16.67,6.40833333,8.87,5.26666667,机械设备-电气设备-电机,--,--,--,390715126.14,2539194409.93
000911.SZ,南宁糖业,7.76,-1.896,7.76,45.31,6.05,9.42,5.71,农林牧渔-农产品加工-其他农产品加工,--,--,--,41592011.47,215440444.7
600804.SH,鹏博士,7.45,-3.247,7.45,106.03,6.17,10.79,4.4,信息设备-通信设备-通信配套服务,26.2475,27.3175,40.6625,1714448602.4,2560892807.69
000656.SZ,金科股份,7.38,-0.538,7.39,15.35,7.47,11.27,5.85,房地产-房地产开发-房地产开发Ⅲ,21.4442,21.16,20.3784,4436923105.93,62589059776.88
000955.SZ,欣龙控股,7.22,-2.957,7.22,29.47,8.6,14.95,7.01,纺织服装-纺织制造-其他纺织,--,--,--,212214166.3,947836251.97
600177.SH,雅戈尔,7.21,-0.552,7.21,20.19,6.82,7.73,5.93,纺织服装-服装家纺-男装,--,--,--,5584198535.34,27939126690.49
002443.SZ,金洲管道,7.01,-0.849,7.01,18.19,6.42,8.34,4.94,黑色金属-钢铁-特钢,12.105,11.915,19.75,469807755.6,2930194023.47
600507.SH,方大特钢,6.79,-1.594,6.79,20,6.77852349,8.4,4.96,黑色金属-钢铁-特钢,20.452,21.95,23.374,1497077206.28,8781654614.53
002016.SZ,世荣兆业,6.58,-2.807,6.58,18.49,8.72,8.94,6.18,房地产-房地产开发-房地产开发Ⅲ,--,--,--,646070796.65,3807903345.66
002467.SZ,二六三,6.53,-1.212,6.52,17.63,5.39,10.2,5.37,信息服务-通信服务-通信运营Ⅲ,11.63,10.6567,13.6133,396684742.63,2521028640.32
600606.SH,绿地控股,6.39,0.000,6.38,15.36,6.68,9.49,4.78,房地产-房地产开发-房地产开发Ⅲ,17.7413,17.9213,17.6388,12041354633.38,132516587188.65
600678.SH,四川金顶,6.24,-3.256,6.24,25.93,8.15,9.77,5.27,建筑材料-建筑材料-其他建材,--,--,--,36162903.07,158292366.18
002312.SZ,三泰控股,6.02,2.207,6.02,17.97,4.23,7.4,3.8,化工-化学制品-磷肥,13.154,12.386,17.08,628371779.77,3776311835.07
600217.SH,中再资环,5.83,-0.342,5.83,16.58,5.16,6.61,4.64,公用事业-环保工程-环保工程及服务,17.4,18.55,19.95,325471384.22,2137576400.13
002164.SZ,宁波东力,5.59,-1.930,5.59,239.83,3.8,6.56,2.93,机械设备-通用设备-机械基础件,--,--,--,1423113878.94,590517205.15
000027.SZ,深圳能源,5.51,-0.362,5.51,15.1,5.175,6.2,4.275,公用事业-电力-火电,--,--,--,3895286654.68,40254399360.62
601058.SH,赛轮轮胎,5.42,-1.812,5.42,15.56,4.41,6.6,3.4,化工-化工合成材料-轮胎,17.672,18.082,18.042,1173265612.13,8427770094.91
600836.SH,*ST界龙,5.34,-0.559,5.34,25.4,5.01,6.64,3.43,轻工制造-包装印刷-包装印刷Ⅲ,--,--,--,226343173.81,1050999004.95
000691.SZ,亚太实业,5.27,0.765,5.27,24.18,4.02,7.9,3.19,化工-化学制品-其他化学制品,--,--,--,20697865.88,227656736.74
000932.SZ,华菱钢铁,5.14,0.781,5.16,15.79,4.58,5.97,3.6,黑色金属-钢铁-普钢,15.9092,17.1992,18.8454,4837457117.35,36218695057.07
002264.SZ,新华都,5.14,-0.388,5.14,16.29,4.82,6.25,3.77,商业贸易-零售-百货零售,--,--,--,149974240.42,1003197237.74
600466.SH,蓝光发展,4.99,-0.598,4.99,15.93,7.193,7.463,4.713,房地产-房地产开发-房地产开发Ⅲ,17.6438,18.8614,18.5014,2670520095.62,46823959027.27
002681.SZ,*ST奋达,4.86,-4.331,4.86,41.62,5.64,6.84,2.5,电子-电子制造-电子零部件制造,--,--,--,1060756366.88,2280386656.19
000953.SZ,*ST河化,4.85,-1.020,4.85,45.32,4.35,6.86,3.75,化工-化学制品-其他化学制品,--,--,--,46602755.74,198451113.83
000737.SZ,ST南风,4.77,5.066,4.77,22.19,2.96,4.77,2.49,化工-基础化学-无机盐,--,--,--,99440027.39,498024292.67
002069.SZ,獐子岛,4.72,1.505,4.72,247.19,2.7,6.66,2.08,农林牧渔-养殖业-水产养殖,--,--,--,23515938.55,82765693.69
600610.SH,ST毅达,4.55,-0.219,4.55,16.6,--,7.04,3.7,化工-化学制品-其他化学制品,--,--,--,8067806.18,52797133.07
002072.SZ,ST凯瑞,4.48,-0.665,4.48,16.24,5.9,6.23,4.4,信息服务-计算机应用-软件开发及服务,--,--,--,4168908.02,32247788.03
000868.SZ,ST安凯,4.36,-1.134,4.36,47.58,5.35,6.59,3.1,交运设备-汽车整车-商用载客车,--,--,--,266536528.95,759928943.52
002255.SZ,*ST海陆,4.34,-0.459,4.34,29.96,3.2,6.4,2.44,机械设备-电气设备-电源设备,--,--,--,666778662.5,2789107216.06
600477.SH,杭萧钢构,4.06,-1.695,4.06,16.86,2.74,5.58,2.73,建筑材料-建筑装饰-专业工程,16.68,14.8675,19.895,647039857.46,4135234386.95
300459.SZ,金科文化,3.90,-2.743,3.90,15.44,3.2,6.48,2.13,信息服务-传媒-其他传媒,21.1,21.6,21.7,620875242.98,4362789617.98
600651.SH,*ST飞乐,3.66,-0.813,3.66,25.46,4.45,4.6,2.79,机械设备-通用设备-其它通用机械,--,--,--,687522324.43,3052866172.86
002121.SZ,*ST科陆,3.59,-0.554,3.59,25.92,4.34,4.66,2.87,机械设备-电气设备-电气自控设备,--,--,--,363820989.42,1818031187.2
002323.SZ,*ST雅博,3.35,0.000,3.35,15.28,2.99,4.26,2.22,建筑材料-建筑材料-其他建材,--,--,--,12808755.07,90728496.75
002131.SZ,利欧股份,3.30,-0.901,3.30,31.7,2.964,4.884,2.474,信息服务-传媒-营销服务,5.89,4.74,28.98,3086781880.22,11294357236.34
300111.SZ,向日葵,3.26,-2.395,3.26,38,2.36,6.65,1.82,医药生物-化学制药-化学制剂,--,--,--,23620670.94,190912812.39
002437.SZ,誉衡药业,3.02,-1.307,3.02,36.51,3.03,4.55,2.4,医药生物-化学制药-化学制剂,--,--,--,657691457.39,2138760160.74
600186.SH,莲花健康,2.82,-0.704,2.82,15.52,2.55535055,3.68,2.23247232,食品饮料-食品加工制造-调味发酵品,--,--,--,52333114.38,128692796.58
000017.SZ,*ST中华A,2.61,-1.136,2.61,53.98,4.53,5.43,2,交运设备-非汽车交运-其他交运设备,--,--,--,5263215.15,27297445.91
601975.SH,招商南油,2.53,-0.394,2.53,26.46,2.82,3.13,2.17,交通运输-港口航运-航运Ⅲ,--,--,--,1381405378.69,5927307287.92
000669.SZ,*ST金鸿,2.27,0.000,2.27,19.21,3.71,3.93,1.36,公用事业-燃气水务-燃气Ⅲ,--,--,--,252215550.81,1671019321.39
002247.SZ,*ST聚力,1.75,-1.685,1.75,31.57,2.85,3.17,1.27,信息服务-传媒-其他传媒,--,--,--,165378568.57,606973751.31
002113.SZ,*ST天润,1.57,-4.849,1.57,119.59,1.96,2.52,1.09,信息服务-传媒-其他传媒,--,--,--,409067129.56,514610092.88
